,likes,comments,shares
count,5.0,5.0,5.0
mean,130.0,14.0,17.6
std,52.44044240850758,8.336666000266533,9.555103348473002
min,80.0,5.0,8.0
25%,90.0,8.0,10.0
50%,120.0,12.0,15.0
75%,150.0,20.0,25.0
max,210.0,25.0,30.0
